[{"model": "auth.permission", "pk": 1, "fields": {"name": "Can add log entry", "content_type": 1, "codename": "add_logentry"}}, {"model": "auth.permission", "pk": 2, "fields": {"name": "Can change log entry", "content_type": 1, "codename": "change_logentry"}}, {"model": "auth.permission", "pk": 3, "fields": {"name": "Can delete log entry", "content_type": 1, "codename": "delete_logentry"}}, {"model": "auth.permission", "pk": 4, "fields": {"name": "Can view log entry", "content_type": 1, "codename": "view_logentry"}}, {"model": "auth.permission", "pk": 5, "fields": {"name": "Can add permission", "content_type": 2, "codename": "add_permission"}}, {"model": "auth.permission", "pk": 6, "fields": {"name": "Can change permission", "content_type": 2, "codename": "change_permission"}}, {"model": "auth.permission", "pk": 7, "fields": {"name": "Can delete permission", "content_type": 2, "codename": "delete_permission"}}, {"model": "auth.permission", "pk": 8, "fields": {"name": "Can view permission", "content_type": 2, "codename": "view_permission"}}, {"model": "auth.permission", "pk": 9, "fields": {"name": "Can add group", "content_type": 3, "codename": "add_group"}}, {"model": "auth.permission", "pk": 10, "fields": {"name": "Can change group", "content_type": 3, "codename": "change_group"}}, {"model": "auth.permission", "pk": 11, "fields": {"name": "Can delete group", "content_type": 3, "codename": "delete_group"}}, {"model": "auth.permission", "pk": 12, "fields": {"name": "Can view group", "content_type": 3, "codename": "view_group"}}, {"model": "auth.permission", "pk": 13, "fields": {"name": "Can add user", "content_type": 4, "codename": "add_user"}}, {"model": "auth.permission", "pk": 14, "fields": {"name": "Can change user", "content_type": 4, "codename": "change_user"}}, {"model": "auth.permission", "pk": 15, "fields": {"name": "Can delete user", "content_type": 4, "codename": "delete_user"}}, {"model": "auth.permission", "pk": 16, "fields": {"name": "Can view user", "content_type": 4, "codename": "view_user"}}, {"model": "auth.permission", "pk": 17, "fields": {"name": "Can add content type", "content_type": 5, "codename": "add_contenttype"}}, {"model": "auth.permission", "pk": 18, "fields": {"name": "Can change content type", "content_type": 5, "codename": "change_contenttype"}}, {"model": "auth.permission", "pk": 19, "fields": {"name": "Can delete content type", "content_type": 5, "codename": "delete_contenttype"}}, {"model": "auth.permission", "pk": 20, "fields": {"name": "Can view content type", "content_type": 5, "codename": "view_contenttype"}}, {"model": "auth.permission", "pk": 21, "fields": {"name": "Can add session", "content_type": 6, "codename": "add_session"}}, {"model": "auth.permission", "pk": 22, "fields": {"name": "Can change session", "content_type": 6, "codename": "change_session"}}, {"model": "auth.permission", "pk": 23, "fields": {"name": "Can delete session", "content_type": 6, "codename": "delete_session"}}, {"model": "auth.permission", "pk": 24, "fields": {"name": "Can view session", "content_type": 6, "codename": "view_session"}}, {"model": "auth.permission", "pk": 25, "fields": {"name": "Can add item", "content_type": 7, "codename": "add_item"}}, {"model": "auth.permission", "pk": 26, "fields": {"name": "Can change item", "content_type": 7, "codename": "change_item"}}, {"model": "auth.permission", "pk": 27, "fields": {"name": "Can delete item", "content_type": 7, "codename": "delete_item"}}, {"model": "auth.permission", "pk": 28, "fields": {"name": "Can view item", "content_type": 7, "codename": "view_item"}}, {"model": "auth.permission", "pk": 29, "fields": {"name": "Can add user", "content_type": 8, "codename": "add_user"}}, {"model": "auth.permission", "pk": 30, "fields": {"name": "Can change user", "content_type": 8, "codename": "change_user"}}, {"model": "auth.permission", "pk": 31, "fields": {"name": "Can delete user", "content_type": 8, "codename": "delete_user"}}, {"model": "auth.permission", "pk": 32, "fields": {"name": "Can view user", "content_type": 8, "codename": "view_user"}}, {"model": "auth.permission", "pk": 33, "fields": {"name": "Can add details", "content_type": 9, "codename": "add_details"}}, {"model": "auth.permission", "pk": 34, "fields": {"name": "Can change details", "content_type": 9, "codename": "change_details"}}, {"model": "auth.permission", "pk": 35, "fields": {"name": "Can delete details", "content_type": 9, "codename": "delete_details"}}, {"model": "auth.permission", "pk": 36, "fields": {"name": "Can view details", "content_type": 9, "codename": "view_details"}}, {"model": "auth.permission", "pk": 37, "fields": {"name": "Can add action", "content_type": 10, "codename": "add_action"}}, {"model": "auth.permission", "pk": 38, "fields": {"name": "Can change action", "content_type": 10, "codename": "change_action"}}, {"model": "auth.permission", "pk": 39, "fields": {"name": "Can delete action", "content_type": 10, "codename": "delete_action"}}, {"model": "auth.permission", "pk": 40, "fields": {"name": "Can view action", "content_type": 10, "codename": "view_action"}}, {"model": "auth.permission", "pk": 41, "fields": {"name": "Can add comment", "content_type": 11, "codename": "add_comment"}}, {"model": "auth.permission", "pk": 42, "fields": {"name": "Can change comment", "content_type": 11, "codename": "change_comment"}}, {"model": "auth.permission", "pk": 43, "fields": {"name": "Can delete comment", "content_type": 11, "codename": "delete_comment"}}, {"model": "auth.permission", "pk": 44, "fields": {"name": "Can view comment", "content_type": 11, "codename": "view_comment"}}, {"model": "auth.user", "pk": 6, "fields": {"password": "donuts", "last_login": null, "is_superuser": false, "username": "Mahita08", "first_name": "Mahita", "last_name": "Maddipati", "email": "mmahita@vt.edu", "is_staff": false, "is_active": true, "date_joined": "2023-11-13T18:55:17.700Z", "groups": [], "user_permissions": []}}, {"model": "auth.user", "pk": 37, "fields": {"password": "sugar", "last_login": null, "is_superuser": false, "username": "siri", "first_name": "sirivani", "last_name": "vani", "email": "siri@vt.edu", "is_staff": false, "is_active": true, "date_joined": "2023-11-15T18:01:58.076Z", "groups": [], "user_permissions": []}}, {"model": "auth.user", "pk": 46, "fields": {"password": "pbkdf2_sha256$600000$QNauzdzdNYqSBoXhmqkmXX$Dz80Y73ynOgunIbSvGeiTCa0704kXjBzenKn66pqggw=", "last_login": null, "is_superuser": false, "username": "harry", "first_name": "harry", "last_name": "potter", "email": "harry@vt.edu", "is_staff": false, "is_active": true, "date_joined": "2023-11-18T20:31:01.346Z", "groups": [], "user_permissions": []}}, {"model": "auth.user", "pk": 47, "fields": {"password": "pbkdf2_sha256$600000$UiQr2ENKWLs0iD5VbDMw2d$a46M6yq6L6LHKiNAqAEAX1GVOT7pnl1Bm+fDNkPeT7g=", "last_login": null, "is_superuser": false, "username": "ron", "first_name": "ron", "last_name": "weasley", "email": "ron@vt.edu", "is_staff": false, "is_active": true, "date_joined": "2023-11-18T20:36:35.800Z", "groups": [], "user_permissions": []}}, {"model": "auth.user", "pk": 48, "fields": {"password": "pbkdf2_sha256$600000$vm4Zd9xTjj3MXiPSKlej82$p7oIvjwnex/q7BkJk0ZgIU+2snidES7l4IrgF4HITQ0=", "last_login": null, "is_superuser": false, "username": "emily", "first_name": "emily ", "last_name": "james", "email": "emily@vt.edu", "is_staff": false, "is_active": true, "date_joined": "2023-11-18T20:44:14.268Z", "groups": [], "user_permissions": []}}, {"model": "auth.user", "pk": 49, "fields": {"password": "pbkdf2_sha256$600000$QslF8atWC0zkmd7HfYQPu0$pnryiqVxn2vO6fikMlg2GL5oQ7RMIArQneW6KZycy4U=", "last_login": null, "is_superuser": false, "username": "admin", "first_name": "admin", "last_name": "user", "email": "admin@vt.edu", "is_staff": false, "is_active": true, "date_joined": "2023-11-18T20:54:34.706Z", "groups": [], "user_permissions": []}}, {"model": "auth.user", "pk": 50, "fields": {"password": "pbkdf2_sha256$600000$oX58BHIevjfU2DpYZyQVGs$jLVZtiDUbUT6VGg48yyyvKK7gD24MSUgUZOGwJNG0Jw=", "last_login": null, "is_superuser": false, "username": "ben", "first_name": "ben", "last_name": "jerry", "email": "ben@vt.edu", "is_staff": false, "is_active": true, "date_joined": "2023-11-18T21:05:44.548Z", "groups": [], "user_permissions": []}}, {"model": "auth.user", "pk": 51, "fields": {"password": "pbkdf2_sha256$600000$K0wLtXjOCUTP11MSGjF23U$6UBih0N/MBK4YsPArk4EQS5dhOA5xK72mSN5gydAp64=", "last_login": null, "is_superuser": false, "username": "test", "first_name": "test", "last_name": "user", "email": "test@vt.edu", "is_staff": false, "is_active": true, "date_joined": "2023-11-18T21:07:35.095Z", "groups": [], "user_permissions": []}}, {"model": "auth.user", "pk": 52, "fields": {"password": "pbkdf2_sha256$600000$UkzYVdJi6Id1SPHQwNVf7M$3bDwxqJ/UluNJrAbIY4L1NXqSrQJdUtzE2//Z6/J5n0=", "last_login": null, "is_superuser": false, "username": "Mahita12", "first_name": "Mahita 1234", "last_name": "Maddipati", "email": "mmahita@vt.edu", "is_staff": false, "is_active": true, "date_joined": "2023-11-18T23:04:03.572Z", "groups": [], "user_permissions": []}}, {"model": "contenttypes.contenttype", "pk": 1, "fields": {"app_label": "admin", "model": "logentry"}}, {"model": "contenttypes.contenttype", "pk": 2, "fields": {"app_label": "auth", "model": "permission"}}, {"model": "contenttypes.contenttype", "pk": 3, "fields": {"app_label": "auth", "model": "group"}}, {"model": "contenttypes.contenttype", "pk": 4, "fields": {"app_label": "auth", "model": "user"}}, {"model": "contenttypes.contenttype", "pk": 5, "fields": {"app_label": "contenttypes", "model": "contenttype"}}, {"model": "contenttypes.contenttype", "pk": 6, "fields": {"app_label": "sessions", "model": "session"}}, {"model": "contenttypes.contenttype", "pk": 7, "fields": {"app_label": "studentswap", "model": "item"}}, {"model": "contenttypes.contenttype", "pk": 8, "fields": {"app_label": "users", "model": "user"}}, {"model": "contenttypes.contenttype", "pk": 9, "fields": {"app_label": "users", "model": "details"}}, {"model": "contenttypes.contenttype", "pk": 10, "fields": {"app_label": "actions", "model": "action"}}, {"model": "contenttypes.contenttype", "pk": 11, "fields": {"app_label": "comments", "model": "comment"}}, {"model": "studentswap.item", "pk": 6, "fields": {"itemname": "Foldable Twin Bed Frame", "price": "50.99", "description": "A black foldable twin bed frame. It's material is steel and has been used for a year. There are no damages.", "category": "Furniture", "subcategory": "Bedroom Furniture", "imageurl": "images/furniture/61M+i+0ZflL.jpg", "imagealt": "Foldable Twin Bed Frame", "date_posted": "2023-10-02T05:28:14.701Z", "is_sold": false, "user": 6}}, {"model": "studentswap.item", "pk": 7, "fields": {"itemname": "Ergonomic Desk Chair", "price": "20.00", "description": "Desk chair that has been used for 2 years, is very comfortable", "category": "Furniture", "subcategory": "Living Room Furniture", "imageurl": "images/furniture/Gear-Branch-Ergonomic-Chair-SOURCE-Branch.webp.", "imagealt": "Ergonomic Desk Chair", "date_posted": "2023-10-12T05:28:14.701Z", "is_sold": false, "user": 6}}, {"model": "studentswap.item", "pk": 8, "fields": {"itemname": "Twin Bed Foam Mattress", "price": "65.00", "description": "This foam mattress is 6 inches tall and is almost as good as new.It has no stains and is not infested with bedbugs.", "category": "Furniture", "subcategory": "Bedroom Furniture", "imageurl": "images/furniture/queen_size_mattress_1633766564_220ace55_progressive.jpg", "imagealt": "Twin Bed Foam Mattress", "date_posted": "2023-04-17T05:28:14.701Z", "is_sold": false, "user": 6}}, {"model": "studentswap.item", "pk": 9, "fields": {"itemname": "LG UltraWide QHD 34-Inch Curved Computer Monitor", "price": "246.39", "description": "Computer monitor that is 34 inches and has built in speakers", "category": "Electronic devices", "subcategory": "Computer & Accessories", "imageurl": "images/electronic-devices/alexandru-acea-rmHTCPXUk9g-unsplash.jpg", "imagealt": "LG UltraWide QHD 34-Inch Curved Computer Monitor", "date_posted": "2023-01-01T05:28:14.701Z", "is_sold": false, "user": 6}}, {"model": "studentswap.item", "pk": 10, "fields": {"itemname": "Apple Macbook Air 13-inch                                          \n   ", "price": "700.00", "description": "A relatively new macbook brought 3 months ago. It's as good as new.", "category": "Electronic devices", "subcategory": "Computer & Accessories", "imageurl": "images/electronic-devices/howard-bouchevereau-S2r2Ex8jv2o-unsplash.jpg", "imagealt": "Apple Macbook Air 13-inch", "date_posted": "2023-02-11T05:29:14.701Z", "is_sold": false, "user": 6}}, {"model": "studentswap.item", "pk": 11, "fields": {"itemname": "Structure and interpretation of computer programs", "price": "15.00", "description": "Excellent and must for interview preparation", "category": "Books", "subcategory": "Textbooks", "imageurl": "images\\books\\Structure-and-Interpretation.jpg", "imagealt": "Structure and interpretation of computer programs", "date_posted": "2023-09-13T05:28:14.701Z", "is_sold": false, "user": 6}}, {"model": "studentswap.item", "pk": 12, "fields": {"itemname": "Nonstick frying pan", "price": "32.00", "description": "Nonstick frying pan with no scratches , works on gas and induction.", "category": "Kitchenware", "subcategory": "Cookware", "imageurl": "images\\kitchenware\\cooker-king-zEgp30gYpKk-unsplash.jpg", "imagealt": "Nonstick frying pan", "date_posted": "2023-10-10T05:28:14.701Z", "is_sold": false, "user": 6}}, {"model": "studentswap.item", "pk": 17, "fields": {"itemname": "Electric guitar", "price": "102.32", "description": "1 year old white electric guitar with extra strings given.", "category": "Other", "subcategory": "Miscellaneous", "imageurl": "images\\miscellaneous\\martin-rajdl-Olg60_RTPc8-unsplash.jpg", "imagealt": "Electric guitar", "date_posted": "2023-07-16T05:28:14.701Z", "is_sold": false, "user": 6}}, {"model": "studentswap.item", "pk": 18, "fields": {"itemname": "Cordoba Concert Ukelele", "price": "14.36", "description": "Concert ukelele, all strings taut.", "category": "Other", "subcategory": "Miscellaneous", "imageurl": "images\\miscellaneous\\edgar-5HltXT-6Vgw-unsplash.jpg", "imagealt": "Cordoba Concert Ukelele", "date_posted": "2023-05-22T05:28:14.701Z", "is_sold": false, "user": 6}}, {"model": "studentswap.item", "pk": 19, "fields": {"itemname": "Hangers-10", "price": "2.00", "description": "Bunch of 10 black hangers", "category": "Other", "subcategory": "Miscellaneous", "imageurl": "images\\miscellaneous\\s-l1600.jpg", "imagealt": "Hangers", "date_posted": "2023-10-02T05:28:14.701Z", "is_sold": false, "user": 6}}, {"model": "studentswap.item", "pk": 44, "fields": {"itemname": "Iphone 11", "price": "120.00", "description": "Iphone 11 in perfect working condition. OS is updated.", "category": "Electronic devices", "subcategory": "Mobile devices & Accessories", "imageurl": "/images/electronic-devices/charlesdeluvio-GXNo-OJynTQ-unsplash.jpg", "imagealt": "Iphone 11", "date_posted": "2023-06-03T05:28:14.701Z", "is_sold": false, "user": 6}}, {"model": "studentswap.item", "pk": 76, "fields": {"itemname": "Toothbrush holder", "price": "10.00", "description": "Holder has capacity for 7 brushes.", "category": "Home Accessories", "subcategory": "Bathroom Accessories", "imageurl": "images/home accessories/curology-cI_LU-uAkcE-unsplash.jpg", "imagealt": "Toothbrush holder", "date_posted": "2023-11-15T20:22:37.850Z", "is_sold": true, "user": 37}}, {"model": "studentswap.item", "pk": 78, "fields": {"itemname": "Blanket", "price": "32.00", "description": "Warm blanket for winters.", "category": "Home Accessories", "subcategory": "Bedding & Linens", "imageurl": "images/home accessories/susan-wilkinson-9I4gTSe3_Po-unsplash.jpg", "imagealt": "Blanket", "date_posted": "2023-11-15T21:07:57.834Z", "is_sold": false, "user": 37}}, {"model": "studentswap.item", "pk": 91, "fields": {"itemname": "Wizardry 101", "price": "120.00", "description": "Takes you from being a muggle to wizard/witch in a week", "category": "Books", "subcategory": "Textbooks", "imageurl": "images/books/Structure-and-Interpretation.jpg", "imagealt": "Wizardry 101", "date_posted": "2023-11-18T20:33:28.306Z", "is_sold": true, "user": 46}}, {"model": "studentswap.item", "pk": 92, "fields": {"itemname": "Teapot", "price": "34.00", "description": "Works like a normal teapot and not tampered with magic.", "category": "Kitchenware", "subcategory": "Kitchen Tools & Utensils", "imageurl": "images/kitchenware/becca-tapert-A_L2xNKgENg-unsplash.jpg", "imagealt": "Teapot", "date_posted": "2023-11-18T20:40:06.335Z", "is_sold": true, "user": 47}}, {"model": "studentswap.item", "pk": 93, "fields": {"itemname": "Waffle maker", "price": "15.00", "description": "Waffle maker in new condition!", "category": "Furniture", "subcategory": "Living Room Furniture", "imageurl": "images/kitchenware/becca-tapert-A_L2xNKgENg-unsplash.jpg", "imagealt": "Waffle maker", "date_posted": "2023-11-18T20:45:04.449Z", "is_sold": true, "user": 48}}, {"model": "studentswap.item", "pk": 99, "fields": {"itemname": "dolby speakers", "price": "86.00", "description": "feels like you are watching in the movie theatre!", "category": "Electronic devices", "subcategory": "Audio & Music", "imageurl": "images/electronic-devices/caleb-woods-VVuRLhyTmXM-unsplash.jpg", "imagealt": "dolby speakers", "date_posted": "2023-11-20T01:11:15.315Z", "is_sold": true, "user": 51}}, {"model": "users.details", "pk": 32, "fields": {"user": 37, "role": "admin", "campus": "NVC", "recently_viewed": false}}, {"model": "users.details", "pk": 33, "fields": {"user": 46, "role": "regular", "campus": "Arlington", "recently_viewed": false}}, {"model": "users.details", "pk": 34, "fields": {"user": 47, "role": "regular", "campus": "Arlington", "recently_viewed": false}}, {"model": "users.details", "pk": 35, "fields": {"user": 48, "role": "admin", "campus": "Blacksburg", "recently_viewed": false}}, {"model": "users.details", "pk": 36, "fields": {"user": 49, "role": "admin", "campus": "Arlington", "recently_viewed": false}}, {"model": "users.details", "pk": 37, "fields": {"user": 50, "role": "regular", "campus": "Arlington", "recently_viewed": false}}, {"model": "users.details", "pk": 38, "fields": {"user": 51, "role": "regular", "campus": "Arlington", "recently_viewed": false}}, {"model": "users.details", "pk": 39, "fields": {"user": 52, "role": "regular", "campus": "NVC", "recently_viewed": false}}, {"model": "actions.action", "pk": 201, "fields": {"user": 51, "verb": "commented on the item ", "target_ct": 7, "target_id": 92, "created": "2023-11-20T01:10:09.230Z"}}, {"model": "actions.action", "pk": 202, "fields": {"user": 51, "verb": "sold an item -dolby speakers ", "target_ct": 7, "target_id": 99, "created": "2023-11-20T01:11:15.340Z"}}, {"model": "actions.action", "pk": 203, "fields": {"user": 51, "verb": "commented on the item ", "target_ct": 7, "target_id": 99, "created": "2023-11-20T01:11:50.612Z"}}, {"model": "actions.action", "pk": 204, "fields": {"user": 47, "verb": "commented on the item ", "target_ct": 7, "target_id": 99, "created": "2023-11-20T01:13:09.470Z"}}, {"model": "actions.action", "pk": 206, "fields": {"user": 48, "verb": "'s role was changed by Admin. Click here to see -", "target_ct": 4, "target_id": 48, "created": "2023-11-20T01:17:49.275Z"}}, {"model": "actions.action", "pk": 207, "fields": {"user": 49, "verb": "edited the item's description to 'Waffle maker in new condition!'", "target_ct": 7, "target_id": 93, "created": "2023-11-20T01:18:55.857Z"}}, {"model": "actions.action", "pk": 208, "fields": {"user": 49, "verb": "commented on the item ", "target_ct": 7, "target_id": 99, "created": "2023-11-20T01:20:35.062Z"}}, {"model": "comments.comment", "pk": 73, "fields": {"user": 47, "item": 91, "comment": " Where was this the whole time???", "datecommented": "2023-11-18T20:40:43.428Z", "is_wishlist": false}}, {"model": "comments.comment", "pk": 74, "fields": {"user": 46, "item": 92, "comment": "34$ is too much for a teapot !", "datecommented": "2023-11-18T20:42:15.247Z", "is_wishlist": false}}, {"model": "comments.comment", "pk": 75, "fields": {"user": 48, "item": 7, "comment": "Is the instruction manual given with this?", "datecommented": "2023-11-18T21:03:22.039Z", "is_wishlist": false}}, {"model": "comments.comment", "pk": 76, "fields": {"user": 48, "item": 44, "comment": "Nice phone! I want it !", "datecommented": "2023-11-18T21:03:49.302Z", "is_wishlist": false}}, {"model": "comments.comment", "pk": 77, "fields": {"user": 48, "item": 17, "comment": "Is the capo given with it?", "datecommented": "2023-11-18T21:04:12.213Z", "is_wishlist": false}}, {"model": "comments.comment", "pk": 78, "fields": {"user": 50, "item": 12, "comment": "Does this work on induction??", "datecommented": "2023-11-18T21:06:21.100Z", "is_wishlist": false}}, {"model": "comments.comment", "pk": 79, "fields": {"user": 50, "item": 11, "comment": "Need it for my upcoming exams", "datecommented": "2023-11-18T21:06:45.057Z", "is_wishlist": false}}, {"model": "comments.comment", "pk": 80, "fields": {"user": 50, "item": 9, "comment": "How good are its speakers?", "datecommented": "2023-11-18T21:07:09.705Z", "is_wishlist": false}}, {"model": "comments.comment", "pk": 81, "fields": {"user": 51, "item": 10, "comment": "Im planning to switch to mac, can I buy this from you?", "datecommented": "2023-11-18T21:08:47.787Z", "is_wishlist": false}}, {"model": "comments.comment", "pk": 82, "fields": {"user": 51, "item": 8, "comment": "Can I get it for 50$?", "datecommented": "2023-11-18T21:09:24.986Z", "is_wishlist": false}}, {"model": "comments.comment", "pk": 83, "fields": {"user": 51, "item": 18, "comment": "Are extra strings given?", "datecommented": "2023-11-18T21:09:45.573Z", "is_wishlist": false}}, {"model": "comments.comment", "pk": 90, "fields": {"user": 49, "item": 93, "comment": "nice!", "datecommented": "2023-11-19T07:23:45.310Z", "is_wishlist": false}}, {"model": "comments.comment", "pk": 166, "fields": {"user": 51, "item": 93, "comment": "can i get it for $10 ?", "datecommented": "2023-11-20T01:00:00.748Z", "is_wishlist": false}}, {"model": "comments.comment", "pk": 167, "fields": {"user": 51, "item": 92, "comment": "can i get it for $25?", "datecommented": "2023-11-20T01:10:09.257Z", "is_wishlist": false}}, {"model": "comments.comment", "pk": 168, "fields": {"user": 51, "item": 99, "comment": "i am planning to put an offer on this for thanksgiving! if you are interested let me know!", "datecommented": "2023-11-20T01:11:50.637Z", "is_wishlist": false}}, {"model": "comments.comment", "pk": 169, "fields": {"user": 47, "item": 99, "comment": "i am interested!", "datecommented": "2023-11-20T01:13:09.487Z", "is_wishlist": false}}, {"model": "comments.comment", "pk": 170, "fields": {"user": 49, "item": 99, "comment": "Update your details ron!", "datecommented": "2023-11-20T01:20:35.081Z", "is_wishlist": false}}]